{"cameraMode":{"drawMode":0,"name":"Shaded","section":"Shading Mode"},"sceneLighting":false,"audioPlay":false,"sceneViewState":{"m_AlwaysRefresh":false,"showFog":true,"showSkybox":false,"showFlares":true,"showImageEffects":true,"showParticleSystems":true,"showVisualEffectGraphs":true,"m_FxEnabled":true},"in2DMode":false,"pivot":{"x":-6.48199987411499,"y":2.1700000762939455,"z":-0.3610000014305115},"rotation":{"x":-0.06599772721529007,"y":-0.08909035474061966,"z":0.005916153080761433,"w":-0.9938377737998962},"size":1.3217754364013672,"orthographic":false}